-2.233336667391020658e+00,1.893262145276394470e+00
-6.556135426052491333e+00,-2.593940409672691239e+00
-3.144842355004498380e+00,-4.686626394303416987e-02
-2.804701679297407213e-01,3.626944683012998105e+00
-1.821538436431207941e+00,2.117475700751366041e+00
-3.476738796682385946e+00,4.448913155406311049e-01
-1.342559362088455055e+00,2.820368330384217970e+00
2.640108787755446329e-02,3.678897014409645116e+00
-3.300435505244788459e+00,4.041983641338546818e-01
-7.762266036659795532e+00,-3.872709018293186922e+00
-7.545157647591892669e+00,-2.862347321500654296e+00
-6.525249533387277090e+00,-2.269142864295781159e+00
-7.727532221248782918e+00,-3.317237194044589721e+00
-5.791421545161371753e+00,-1.413326511099556093e+00
-5.263249656106404828e+00,-1.950246465999334156e+00
-1.220343076321448450e+00,2.064722549818006847e+00
-2.590648004596233012e+00,1.475390392681251939e+00
-7.554261833955211891e+00,-3.346690068658171313e+00
-7.700899823265234367e+00,-3.313155704440069904e+00
-7.688606501915980829e+00,-3.891235424979569757e+00
-1.289962937330826787e+00,2.887598061754197865e+00
-2.264057007816727918e+00,1.893952550464068629e+00
-2.048415580239773881e+00,2.998380949398694817e+00
-7.936382681676665385e+00,-3.559715579408662123e+00
-8.276885517823593830e+00,-3.304786947728139523e+00
-2.103910318502062893e+00,1.507962033825452686e+00
-2.159983181225257010e+00,1.758811150776154797e+00
-2.328934005528388251e+00,1.483816797401831700e+00
-3.920628839508499830e-02,2.980661694088229119e+00
-8.770045017296910217e-01,3.864585648397286910e+00
-7.440127137052890305e+00,-3.082766197157030597e+00
-5.383497631274661188e+00,-1.973882399160518553e+00
-2.125584929454003014e+00,2.539925012024369266e+00
-2.616846952543471438e+00,1.194092770140565918e+00
-4.743219942594012473e+00,-5.453988376815255279e-01
-5.534183121105345826e+00,-2.011416256340243791e+00
-2.039788381826640684e+00,1.655377906456726222e+00
-5.351549577400277258e+00,-1.136409764763384622e+00
-2.801954024307999891e+00,6.941974007065532248e-03
-3.797924670915907797e+00,1.273678739374455304e+00
-1.881379258212626304e+00,1.608484290867822963e+00
-4.794568651020257866e-01,3.690826520283824408e+00
-3.576828595633130270e+00,1.301934986811081885e-01
-6.210398849892541762e+00,-2.226331161093781930e+00
-6.073688347200341120e-01,2.763501408807698567e+00
2.079830842896601695e-02,3.794713505140449250e+00
-2.900851751179465587e+00,1.100774659493779950e+00
2.384896817039354744e-01,3.941599930965092646e+00
-4.301452900306373728e+00,3.105340451048297368e-01
-2.541383271383695686e+00,1.430402534259810565e+00
-4.897786633249237909e+00,-4.059222155367177010e-01
-5.741467329512224271e-01,3.847427786331492960e+00
-4.155904981643114837e+00,2.581686400343077281e-01
-5.682300622750578789e+00,-7.558138264075529023e-01
-7.641748856297896353e+00,-3.382876324939230628e+00
-8.477505403458620137e+00,-3.990966355016757561e+00
-8.467525774399649041e-01,2.770458018957390856e+00
-2.759951139672932818e+00,1.137662760800128403e+00
-4.280135711987937963e-01,3.565636610863861300e+00
-3.016882498792146983e+00,1.106822130257601344e+00
-1.904160948873890202e+00,2.433285749801229692e+00
-5.015072483019717531e+00,-1.713026896384922892e+00
-7.559644412769373822e+00,-3.820044163529429326e+00
-2.018502351986741772e+00,1.679546424239784841e+00
-1.054712717890101681e+00,2.934043683498745558e+00
-1.186172548755875633e+00,2.657381974721432449e+00
-8.191122108992328066e+00,-3.885078621448838199e+00
-1.994686768015392575e+00,2.371059781854806481e+00
-3.654266156947646227e+00,8.540234249906752950e-02
-6.063504212646046554e+00,-1.724904631814952793e+00
-2.688290590649525136e+00,5.667863826282841799e-01
-3.462248856832893740e+00,-4.425510019397957961e-01
-5.653314409722942635e-02,3.553775302732257835e+00
-7.137111930390745762e+00,-3.276981721522728819e+00
-5.802124973777960548e+00,-1.909962964464357427e+00
-1.962666583387364438e+00,2.137046634275916013e+00
-4.807942425175553147e+00,-1.692712516502187903e+00
-8.006515546247779724e+00,-3.758646909073243947e+00
-6.580156148136048766e-02,3.894088240421513802e+00
-7.970876901521007696e+00,-3.217000396165766496e+00
-7.299902642163052846e+00,-2.278034769371766188e+00
-4.815781631224839709e-01,3.137719263733605324e+00
-5.794995320293893748e+00,-1.588463267711321514e+00
-6.845155651175254263e+00,-2.952319259160665510e+00
-4.285967555823339659e+00,2.956786628940184514e-01
-2.723350000219459499e+00,2.197636128487471474e+00
-3.557104062095331365e+00,7.682026791045064584e-01
-1.079544799154716461e+00,3.707772140470410704e+00
-3.925062866353144386e+00,-2.134604933976786967e-01
-5.219871420305154608e+00,-1.033299703648201451e+00
-5.783764541545062698e+00,-1.804475434968949799e+00
-6.186648940845178579e+00,-2.626444683689940440e+00
-3.213186564003521095e+00,8.039487972649288494e-01
-3.847086173079423688e+00,-4.907416072401016294e-02
-5.314272950066929901e+00,-1.116097127205403439e+00
-2.870151273400385783e+00,1.183845013130646606e-02
-5.267124647455307063e+00,-1.211259005290187041e+00
-6.276871150232725682e+00,-2.578482366746038146e+00
-3.369340811477933073e+00,7.265247565837711363e-01
-2.023407425966499140e+00,2.516960896008491488e+00
-6.513720640746117674e+00,-2.153337190350917751e+00
-3.785463889143218630e+00,1.965083823499789162e-01
-2.068119382096452963e+00,1.133939469720117721e+00
-4.416383941661543133e+00,1.010905327619501470e+00
-3.739596563998538237e+00,6.025445708620411622e-01
-4.454438051337580085e+00,2.588838157182840050e-01
-4.143406329899012697e+00,-2.723919427450018915e-01
-4.970625674103361646e+00,-8.150754285227943541e-01
-4.442894412367376589e+00,-7.244634135447292067e-01
-4.649958013643870736e+00,-1.113212998953335031e+00
-1.071640949125386433e+00,2.815610966835457418e+00
-3.938719348523421537e+00,5.178237021802694073e-01
-7.136564982072145291e+00,-3.524864652629783990e+00
-3.330600928247942516e+00,7.025632616032826405e-01
-1.377459835072636807e+00,3.287676017094346648e+00
-4.471318002285292970e+00,-4.775175613914095507e-01
-3.224921060972519182e+00,7.694838285846961057e-01
-4.404377088209328051e+00,5.717191190280157542e-01
-3.781640203435258751e+00,-4.094637300345294051e-02
-2.076432014608256438e+00,2.619211975492607536e+00
-7.153207809194313427e+00,-3.843326266770599631e+00
-7.327473882764760305e+00,-3.389406296717260680e+00
-1.748139352853048001e+00,2.600785394879056689e+00
-2.595674558453069380e+00,8.682800384198054999e-01
-2.490974712968446525e+00,6.218653481477938172e-01
-1.171427332065065885e+00,1.763901428024139406e+00
-5.546429620570686225e+00,-1.858756864187554925e+00
-2.898202229281733544e+00,1.572092371971334224e+00
-2.092228410974919850e+00,1.220888793401782024e+00
-8.858395337781610479e-01,3.028076790304747412e+00
-5.896621402450199056e+00,-1.566054376279856442e+00
-2.371876793845009157e+00,2.169051394019489543e+00
-1.112687327186052233e+00,2.044782888020346689e+00
-6.460949985994330014e+00,-2.206040374803237114e+00
-5.783989133392457127e+00,-1.883247628200678037e+00
-1.993674071251710700e+00,1.408093060961835619e+00
-4.752227932202662819e-02,3.568105021186798176e+00
-1.416632046094810082e-01,3.313541514461332937e+00
-7.123639187814955420e+00,-3.761742209933130354e+00
-7.023131579666512359e+00,-2.773932391787285567e+00
-6.822292450566928679e+00,-1.958603626317178659e+00
-5.691582297096033471e+00,-1.420901046890013397e+00
-6.159917428244595428e+00,-2.524053775088575868e+00
-3.066502389667867812e-01,3.650008779988325180e+00
-6.105027372721376189e+00,-1.606678214818639816e+00
-5.789919748655426801e+00,-2.306044166542149831e+00
-6.275005830533417761e-01,3.135718571889341000e+00
-3.929206487000470371e+00,2.202249040311974326e-01
-1.850557405409036349e+00,2.450027062162683400e+00
-6.787721604207215265e+00,-3.136536656794940647e+00
-1.576539081458837366e+00,8.751068286712557764e-01
-2.623337792087606424e+00,9.392947793059303052e-01
-4.166672601226729888e+00,-3.247088309494978731e-01
-1.428194668763712372e+00,2.492006433823066303e+00
-1.227125551559924699e-01,3.912120260523693993e+00
-4.039010353036688095e+00,5.718216687064892056e-02
-5.092206737129888472e-01,3.449443388196381299e+00
-1.383550838588782916e+00,2.313849897084918616e+00
-6.395048647023022781e+00,-2.878423544595809958e+00
-7.431164088077773400e+00,-3.097633770956206511e+00
-5.456827433583216092e+00,-1.673815238627107682e+00
-1.781021475261446163e+00,2.211716793849405782e+00
-4.651985876995121671e+00,-1.068751915007473130e-01
-2.250393364691750886e+00,1.506022519180551633e+00
-7.145330547684303202e-01,3.383763167146525142e+00
-4.876502643563490058e-01,3.317143694240242802e+00
-4.187057519973290454e+00,3.512279977803896003e-01
-4.002843426778202485e+00,-1.078143689791222215e-01
-3.929077355453403975e+00,-5.966715210941426761e-01
-2.183937523938050074e+00,1.812289999818597508e+00
-4.093524035067575007e+00,-3.345794889667921268e-01
-3.379294680784669325e+00,5.321201244776743167e-01
-6.899194684249897236e+00,-2.016283562212034752e+00
-2.550608641963423295e+00,1.322571783989160643e+00
-5.831902241990971625e+00,-1.240015631909700211e+00
-6.797165444913827237e+00,-2.220303306168667667e+00
-7.740692707230767411e+00,-3.948335421891655095e+00
-7.812954162061145347e-01,3.229359247118556375e+00
-5.983680925021269914e+00,-2.398662025546443033e+00
-2.812701249950030125e+00,1.098950963819969928e+00
-7.494448334918143217e+00,-3.145955885349922099e+00
-4.072185912942375197e+00,-4.848175256504783093e-01
-4.349222679118160073e+00,-7.564544751303783343e-01
-7.804579492439405186e+00,-3.907053070863200084e+00
-3.568064704258278041e+00,3.996522700809270745e-01
-6.790545868160561938e+00,-3.296452901792108925e+00
-6.631244858503213990e+00,-2.357006740863812233e+00
-1.194853595876930186e+00,2.771510313287839367e+00
-6.902609371247708125e+00,-2.256182607470415213e+00
-6.778146924734569367e+00,-3.060386551022571844e+00
-5.493560945261249273e+00,-1.992709116195666041e+00
-3.109734610243677810e+00,8.924149135269949795e-01
-2.055657338609143459e+00,1.731418930782934851e+00
-2.940121858000215749e+00,9.486944896497320201e-01
-1.307555330490431711e+00,1.946725552090324385e+00
-4.139191143132672224e+00,4.403606048091557312e-02
-3.856685712734678528e+00,1.207804224156978634e-01
-5.785696203921686376e+00,-1.677659117183517345e+00
-5.895611528078474883e+00,-2.233954189705040783e+00
-5.525096537993689161e+00,-1.448991241316420542e+00
-8.004496635252275283e+00,-3.523469885374762356e+00
-6.464682094318088268e+00,-2.788946607142726464e+00
-1.252519112180824123e+00,1.846446263074213334e+00
-4.157764762719078355e+00,-5.612726477104423850e-03
1.043437525419657952e+00,3.950067823641065345e+00
-5.756665233354373301e-01,3.277289976794042659e+00
-1.398789190641332780e+00,2.680194063027416362e+00
-8.061310168028972267e-01,2.726895002538595847e+00
-4.505479170645759979e+00,-3.686393184642415832e-01
-5.495875008957853858e+00,-1.652707173454873057e+00
-3.078433486271308084e+00,4.466582935514722408e-01
-7.275240532722505371e+00,-3.784931183917642272e+00
-5.282261790069948226e+00,-1.214475617842288635e+00
-5.890995734275982443e+00,-2.495264225455295914e+00
-6.683599964336591981e+00,-3.177216601196366064e+00
-3.107354224214274208e+00,7.210719967892460502e-01
-4.166529388789643740e+00,-9.188555216354323818e-01
-5.711996626210584793e+00,-1.128722534516156450e+00
-4.393059922519832461e-01,3.675817843933415929e+00
-7.873906655009146327e+00,-3.856548657099359012e+00
-1.690321352489050577e+00,1.760429359035640573e+00
-2.740790423644565710e+00,7.090757790633430702e-01
-4.812078927723936417e+00,-3.213695530798439393e-01
-7.174926586778401116e+00,-3.265937187916799544e+00
-3.709268166706993775e+00,9.035577462802617532e-01
-3.153207512960545245e+00,7.318028427722946816e-01
-7.403879317654640246e+00,-3.852233897502528315e+00
-5.701470528324758646e+00,-1.583706040963012818e+00
-8.248410590713354251e-01,2.586411201251512360e+00
-5.225977802586384335e+00,-1.572933619118530579e+00
-5.040055063491584164e+00,-8.844002634689793751e-01
-6.197523625459525620e-01,2.925362946716518309e+00
-8.021427978836891626e+00,-3.871410349062155198e+00
-6.769949465376615017e+00,-2.490256248148511098e+00
-1.677910668265452654e-01,3.577649601286840841e+00
-6.657239787127760877e+00,-2.928817916120067366e+00
-3.512896929629977905e+00,1.476356365000063953e+00
-7.015206736350370065e+00,-3.870606509094252523e+00
-6.315271628000843407e+00,-3.047135755904712084e+00
-4.764879063705886431e+00,-1.087856477593977189e+00
-1.425097556095380913e+00,2.477094369681686281e+00
-6.449382283844598440e+00,-1.764714336112066739e+00
-1.954633169151628103e+00,2.034828827345219082e+00
-1.483000210630925686e+00,3.019205620679565882e+00
-2.312309918970976597e+00,1.027901499760720760e+00
-6.902552026601988189e+00,-2.434766026074679957e+00
-1.176474532756660807e+00,2.546713991099622376e+00
-7.952384974576777843e+00,-3.689165582672874422e+00
-3.750228873076304481e+00,-8.115648760272842210e-01
-7.858021222084547119e+00,-3.144623871347397071e+00
-2.952513958308069064e+00,4.056433321661199187e-01
-6.646735063454828563e+00,-2.334810573726309180e+00
-3.356393705666298022e+00,4.379573332045421097e-01
-2.985305468720601318e+00,1.056962131547659389e+00
-4.388658664140683285e+00,-3.771676835202155686e-01
-5.807897143431462794e+00,-2.314121552733695353e+00
-5.319504660703898047e+00,-2.028295368934440290e+00
-2.157994956455890900e+00,1.414723394424107994e+00
-1.289634846035089488e+00,3.028704711892052259e+00
-4.053453314738493241e-01,3.300709133714807564e+00
-8.252822610049570073e+00,-3.699679941937608518e+00
-6.385085239043937655e+00,-2.423577613059430647e+00
-2.469029467856661275e-01,3.759549825034335768e+00
-6.062774583242441118e+00,-1.684298571319030380e+00
-9.039694745841904133e-01,2.873890525301725063e+00
-2.774219207513938468e+00,1.499404172845716587e+00
-6.106781228112237336e+00,-2.035426499411776113e+00
-2.020102832606999410e+00,2.108117744501109669e+00
-2.871481833617425483e+00,1.009035880438474919e+00
-6.546010302250756752e+00,-2.981241667399044282e+00
-6.980667347232018649e+00,-3.254199282530140458e+00
-1.131644761939703425e+00,2.774943485579806968e+00
-6.142367171231136069e+00,-1.517484101773525218e+00
-2.243795666525814969e+00,1.662317196733921421e+00
-7.695734566621212913e-01,3.300055563670803771e+00
-4.083978380477263137e+00,2.339315373259154285e-01
-5.453018173412020886e+00,-2.458364468756847110e+00
-4.209831630610953113e+00,-4.920373466471632540e-01
-4.683399874193448831e+00,-1.455089813041990254e+00
-3.460856241733941685e-01,3.495746256805148278e+00
-2.933470738225730567e+00,8.968049247632157162e-01
-4.049416018550579643e+00,2.604425244130279538e-01
-6.993256296578542752e+00,-2.797689239956551610e+00
-1.311770013320658457e+00,3.044779109098746162e+00
-1.842070938531408242e+00,1.858322334854364044e+00
-1.763882783816643762e+00,2.121348199349140984e+00
-3.296074422591166009e+00,3.574912432996200096e-01
-2.607340876227155935e+00,1.359698161186588372e+00
-2.043382649390943495e+00,1.555863270386320885e+00
-4.703036807582603451e+00,-4.494399425118373870e-01
-4.213857683340217264e+00,1.291740690785427859e-01
-2.616570740525921313e+00,1.613069156247265212e+00
-1.125935555347220784e+00,2.358876203341727873e+00
-4.967305745939283312e+00,-9.682761108697253150e-01
-7.680382476510737355e+00,-3.823678427435238447e+00
-5.119112992267194073e-01,3.259375057990801849e+00
-2.646369561217654542e+00,1.534469517654411419e+00
-5.335756848003956332e-01,3.680026402595744983e+00
-5.287623695357912545e-01,3.284737212602884426e+00
-3.445833301149406225e+00,6.012617456140709749e-01
-1.811077994541957281e+00,1.643060574142862329e+00
-7.935835556217146980e+00,-3.735720085012137481e+00
-4.457677906707174564e+00,-1.127597073546919404e+00
-2.088019030120792152e+00,2.719354066608551612e+00
-2.393470037773613335e+00,2.803995939493375111e+00
-3.820429583548724306e+00,2.037059226837261150e-01
-3.219286674101119683e+00,6.254469950505603393e-01
-6.462322252142337575e+00,-2.548618006967606320e+00
-4.079690129739243609e+00,6.932992658963144095e-02
-5.061212611226206803e+00,-1.261114623388154499e+00
-5.294482571281538874e+00,-1.160956708619004907e+00
-4.049572535606057677e+00,2.580661636036687412e-01
-4.215325455740707383e+00,-5.009002827805906222e-01
-8.089025639216582131e-02,3.853226942361380303e+00
5.313282055918856495e-01,3.580483860031279164e+00
-5.229087816560992863e+00,-1.401438220857817996e+00
-4.085459656375729942e+00,-5.969872868279653133e-01
-5.916236520792252485e+00,-2.127968615343253767e+00
-5.216410050071122129e+00,-1.148274006451950768e+00
-5.005543445802882019e+00,-1.422365944967420859e+00
-5.774019513219546873e+00,-1.780104342713846322e+00
-7.837840283826246868e+00,-3.820539785432036872e+00
-2.908163172213421799e+00,8.240075193325324676e-01
-7.833715574631121115e+00,-3.847006014266843188e+00
-2.009461372912483501e+00,1.923912629013504905e+00
-7.398305815508716243e+00,-2.520726301083288767e+00
-1.002625232516898945e+00,3.610528133939268969e+00
-7.502499290721759806e+00,-3.650406844091789615e+00
-2.671993950887446623e+00,2.382726268924176161e+00
-7.185145734511140247e+00,-3.331348298126983742e+00
-1.509711346297158752e+00,2.991043341560384761e+00
-2.550923146001647712e+00,4.432008603582797690e-01
-8.032073130387665572e+00,-3.991110150857028138e+00
-2.303061316321034724e+00,1.816447843219606284e+00
-3.666099956513222402e+00,8.668703195807401229e-01
-5.050163214835327707e+00,-4.936987409408031269e-01
-2.307773505240611644e+00,1.476463366979596792e+00
-4.308537569782402876e+00,1.025895705297976690e-01
-3.717168000338756162e+00,9.832107676171570887e-01
-4.907663463517537572e+00,-8.839164014216676080e-01
-5.489484178773379242e+00,-1.854928619544303992e+00
-5.990127454863849898e+00,-1.741539607535105283e+00
-7.634971489295496738e+00,-3.585842830358454414e+00
-4.130974425422673235e+00,-9.088060442468837152e-02
-3.594488578448940430e+00,9.150680576501883934e-01
-3.561767372331767767e+00,2.190892527036378823e-01
-3.357269078610196633e+00,9.870352003332110158e-01
-6.405615883564907520e+00,-2.164463737300526880e+00
-1.695814534771462823e+00,2.322033206291240326e+00
-2.375210163345336856e+00,2.113331124779429970e+00
-5.953761853992349806e+00,-2.092680056508203990e+00
-4.453267483386857961e+00,-2.076706028852317587e-01
-4.402615177611741260e+00,-3.209058820854187033e-01
-4.902698270952527970e+00,-2.130173036705151901e-01
-1.512358733798837562e-01,3.921103048922373269e+00
-4.106132051245672265e-01,2.774861866117173115e+00
-4.133596294447193786e-01,2.830660924233640685e+00
-5.674237513620113305e+00,-1.705175557853881863e+00
-2.698065563084076857e+00,8.398134387296396497e-01
-3.056750468348958361e+00,8.923271145660391923e-01
-2.548816842013917672e+00,2.591546792319188164e+00
-7.794094888590022308e+00,-3.566782317062868302e+00
-2.919647461912578734e+00,1.110178194829124720e+00
-5.647266291075266231e+00,-1.287660832043579617e+00
-7.655230495115983302e+00,-2.550915839348002478e+00
-1.011831550085982245e+00,2.882375626581951344e+00
-6.812675861361854324e+00,-2.838958372987945289e+00
-3.974384126154377306e+00,-7.493432086878790699e-01
-7.896347566345443880e+00,-3.438110569056590293e+00
-4.306676572688166615e+00,-1.403361758787626812e-01
-4.769189199883721031e+00,-2.853276288734045707e-01
-3.754826360955999531e-01,3.373099465763542248e+00
-5.513576303551958269e+00,-2.169339723535816056e+00
-8.167852161528951882e+00,-3.876134831798949243e+00
-1.471944193918083066e+00,1.509373433503385264e+00
-4.060960789608352606e+00,2.198483116089411382e-01
-3.696372032228559590e+00,3.260973639950321967e-01
-2.033172798053366925e+00,1.728305240312637103e+00
-6.635209863032597966e+00,-2.749993704969842412e+00
-5.729886523694009526e+00,-2.738274459562748397e+00
-3.676681619020983671e+00,4.042614952917595872e-01
-5.776286867251956281e+00,-1.222427630820702049e+00
-6.445073869041856973e+00,-3.333697136428342311e+00
-7.186202813168794279e+00,-2.679849130427998993e+00
-4.824469409956879673e+00,-9.743391523360269701e-01
-4.036419727339947805e+00,-6.602629124960905926e-01
-5.744043423106687918e+00,-1.421186616115681645e+00
-4.390162327632137540e+00,3.098162158927451060e-01
-2.928975258403051285e+00,1.332950966975174900e+00
-6.460976140869743922e+00,-2.275032286955794625e+00
-2.096183279563078816e+00,2.176563188394114334e+00
-4.023223420843474507e+00,-4.517970667454438427e-01
-6.325537837872054148e+00,-2.307609205676798503e+00
-6.543491522971900842e+00,-3.413245835251488280e+00
-7.264322437129662191e-01,2.543365334594901661e+00
-7.875145572418170481e+00,-3.753692394161672219e+00
2.648756155145450264e-01,3.973622825264659042e+00
-6.611401331656802327e+00,-3.394666894507530230e+00
-1.162631000299734207e+00,2.641300066416196302e+00
-6.439421440384319517e+00,-2.223358990786429956e+00
-5.945532393217466627e+00,-1.995284290799855142e+00
-6.472701135204451672e-01,3.468686649934258348e+00
-3.628618091596521378e+00,5.991682011771928273e-01
-4.029133201570294531e+00,4.967578009279804974e-02
-1.886991961287651565e+00,2.174227042038022084e+00
-8.076960888862920740e+00,-2.940857937844985059e+00
-5.773278802572940016e+00,-7.771134821180103458e-01
-5.138893890602079573e+00,-4.700524869840450037e-02
-8.227115390023491681e-01,1.628771458945306172e+00
-7.402810162954002848e+00,-3.687126704454573911e+00
-4.952344567493049965e+00,-1.841446281625467307e+00
-4.141172321649989385e+00,5.457136883363089552e-01
-4.651091374991089822e+00,-7.943790008679947334e-01
-3.437719245537726565e+00,-6.938567876708923166e-02
-7.300855873096466553e+00,-3.114322150993363181e+00
-2.593363897676630447e+00,1.445004319960616179e+00
-4.576279220581507268e+00,-7.821816629434019674e-01
-5.821513463076300354e+00,-1.395845628813217942e+00
-7.779938875787158814e+00,-3.888278137907109411e+00
-2.110114083135455232e+00,1.650629908693872494e+00
-5.007814781855357555e-01,3.069775920110407341e+00
-4.039101072098745249e+00,-4.076721766917943413e-01
-5.453154253178284172e+00,-2.394183445396547150e+00
-5.752574115025338664e+00,-1.368611555276042502e+00
-5.543410516763468188e+00,-1.713640433333469382e+00
-6.789835514209048739e+00,-2.153290545837962533e+00
-2.446718498930519292e+00,1.414959217207819364e+00
-5.513242635575490880e+00,-1.488013572751119007e+00
-4.081075470295303376e+00,-1.417645556514051108e-01
-5.855017789524258554e+00,-1.092814102144789246e+00
-4.324990319525105598e+00,-8.429969929417131524e-01
-4.748235096789040099e+00,-1.172977001835875832e+00
-1.237996708599658380e+00,2.817994543257973383e+00
-7.811770987424807799e+00,-2.817793829981960485e+00
-1.906464804311415184e-01,3.034930544866135449e+00
-5.722870668740364763e+00,-2.603181691476924797e+00
-5.263341667202229957e+00,-1.155402604283306545e+00
-6.544753790502431556e+00,-2.657395881293593831e+00
6.259781189838853344e-02,2.935447897492357683e+00
-1.425387261791582816e+00,1.864695074004247388e+00
-4.459463963093611483e+00,-5.168167171472726196e-01
1.234687511975684215e-01,3.930591162591653642e+00
-6.224316654761271828e+00,-1.753622687625196797e+00
-9.632840071047487074e-01,2.838722686716076637e+00
-2.742409665150951525e+00,1.774840440896928939e+00
-2.342374294261018175e+00,1.976297888196931751e+00
-4.974358724359411177e+00,-2.208764035626861855e+00
-5.951565454749647710e-01,3.972965735789590447e+00
-4.137899624572211721e+00,-2.408602011999008141e-01
-3.319238678323198855e+00,-3.690501657353868481e-01
-5.106044284341424877e+00,-6.461149043571881023e-01
-1.717923880808147397e+00,1.270233120089657497e+00
-9.079587323909682484e-01,3.272740696166763108e+00
-7.008094457782743092e+00,-3.152170046793665747e+00
-1.461593558599546538e+00,3.038400039252153739e+00
-3.215080399608951645e+00,5.229910030368296603e-01
-1.530505953697662402e+00,2.140118231799241322e+00
-4.935631178929249074e+00,-9.357267206021315786e-01
-6.610961628059443207e+00,-3.081800480971458533e+00
-4.442993404585115158e+00,-6.823661593049132890e-01
-3.453210881568792967e+00,9.479288328860464574e-01
-3.161244102456863381e+00,6.126222642387597617e-01
-3.545048479268062103e+00,3.927868621677070848e-01
-5.102497090939099422e+00,-6.599137817490232649e-01
-7.591366796111996607e+00,-3.775285562964302066e+00
-3.230070329834292764e+00,4.706685873376157403e-01
-3.180551398092903437e-01,3.431848660278369323e+00
-4.347272931341777280e+00,-1.524008336188398260e-02
-9.361829584818612826e-01,2.433250815974984604e+00
-2.103445299155071169e+00,2.161837736429196077e+00
-5.249239358515553899e-01,2.732708522260312911e+00
-4.350187511655201789e+00,8.742777084308439584e-02
-3.718905488052469899e+00,5.388073635427943486e-01
-5.107794405209503452e+00,-1.412805548820541546e+00
-3.158565213468997435e+00,1.181222993533460830e+00
-4.277113363863010775e+00,-2.063051784211875628e-01
-6.261481899202086865e+00,-1.417462190539151123e+00
-5.021241729108801621e+00,-1.310864680105040314e+00
-2.190459448641180362e+00,2.190836813741551481e+00
-2.768625313988194225e+00,1.451325668632955868e+00
-3.372691912956424787e+00,1.520469099810907387e+00
-5.330444622524236564e+00,-1.477547978834717668e+00
-6.796279321017010489e+00,-2.904205851861481946e+00
-9.219406088535042620e-01,3.005068221909361625e+00
-6.524045128491197332e+00,-1.604649426630893494e+00
-3.540398297700910746e+00,4.722408350041957803e-01
-2.954921408253762483e+00,1.347131441259062257e+00
-7.872364784608185673e-01,2.931619687476502811e+00
-7.755129070167468441e+00,-3.531645243722136840e+00
-7.813888470835597566e+00,-3.181861840748889669e+00
-6.368603435591634110e+00,-2.439041573825573295e+00
-1.108192721154123817e+00,3.144459767218119595e+00
-1.749540653874247287e+00,2.395683314296783273e+00
-3.300917157095919041e+00,7.957154013731697617e-01
-6.861601493079165337e+00,-3.585360706890135418e+00
-2.240584786596929501e+00,1.487898738869018800e+00
-5.593854979300973085e+00,-1.310398975614607942e+00
-7.919023487827038466e+00,-3.901437232865850646e+00
-7.687253824147750159e+00,-3.183874484494334745e+00
-4.424757913841284029e+00,1.614866588540548875e-01
-7.595799940692903540e+00,-3.998066059815929663e+00
-5.978175991264945921e+00,-1.389301181181858524e+00
-3.935794247813332536e+00,1.136677757424422452e-01
-2.415248577832225685e+00,1.719163016055262894e+00
-6.327337759061077982e+00,-2.884479713609482410e+00
-5.696777227954932243e+00,-1.419523427894906042e+00
-2.321324605839977906e+00,1.978949754174280429e+00
-7.687737499175090861e+00,-3.656301941290124091e+00
-2.330084571654532866e+00,1.325496757033077344e+00
-6.914879365687607304e+00,-3.576767687798136031e+00
-4.096066262861413065e+00,8.114456083590102509e-01
-1.344696391631317267e+00,2.610387423436979049e+00
-4.088100432510446858e+00,-6.331022440606304258e-02
-6.158739327610531333e+00,-1.733213052890753225e+00
-7.580724475668982443e+00,-3.336543893158084195e+00
-6.414277104216520087e+00,-2.302736562003270038e+00
-2.799028492706567395e+00,2.151233208782824313e+00
-1.542224992205304845e+00,2.439986252436000314e+00
-6.989595306849725631e+00,-2.991925361331616351e+00
-1.864614695731174443e+00,1.563147242869629139e+00
-3.216471771711680860e-01,3.721744031696226251e+00
-2.264337613736394417e+00,4.866357799165070830e-01
-1.005175959010102815e+00,3.222530601746356638e+00
-7.664278189136846109e+00,-3.199310146265378130e+00
-2.170709430528876549e+00,2.674652566314486002e+00
-2.679632112356578499e+00,2.202594661204607895e+00
-1.142328265209383575e+00,2.345615816420836275e+00
-9.080480414977807335e-01,2.844020472098195640e+00
-1.925438058602384039e+00,1.378074625243102425e+00
-5.791049407065994359e+00,-2.266998498798789008e+00
-7.398651721016903160e+00,-2.838595548915061606e+00
-7.539779523055324617e+00,-3.322293216054194254e+00
-7.217279914236099714e+00,-2.887575670042380693e+00
-1.630716548690408496e+00,2.715818794254186486e+00
-1.458623709331749563e+00,2.287374058607338334e+00
-2.646752674025341534e+00,1.699187912998382011e+00
-7.220402819228854518e+00,-3.520114175813558788e+00
-3.028978569948110433e+00,1.734807673804216854e+00
-2.943320560762940463e+00,1.373442948640468231e+00
-4.468936622371841416e+00,3.295294769828416293e-02
4.622217028481385714e-01,3.726889150174947929e+00
-7.156401781587734767e+00,-3.069869654965208916e+00
-3.215815679339682820e+00,2.003882226071636019e+00
-4.809083063588421858e+00,-1.255371207070424155e+00
-2.160793693801144055e+00,1.372822284564575668e+00
-3.058602005661579248e-01,3.435724061420484254e+00
-4.357399275988115050e+00,-4.688385881840169134e-01
-5.363943743210582760e+00,-3.746308016454671375e-01
-7.827206644228193788e+00,-3.688104262254044308e+00
-5.115198193839586516e+00,-7.849471111783570265e-01
-5.205631904158195766e+00,-1.978783296460891350e+00
-5.514409886579295872e+00,-1.710750439449975957e+00
-3.205833172355766703e+00,6.166163977422280951e-01
-7.523984189714300053e-01,3.721402602301356666e+00
-3.461127277775458477e+00,5.466314667169545061e-01
-5.243662886296810655e+00,-7.179898312155623685e-01
-7.298757341780294006e+00,-2.746314064810928990e+00
-7.782048742052110057e-01,3.466794713249124804e+00
-2.263558536505061447e+00,1.733953561073922955e+00
-5.120208196385379829e+00,-9.211677716538977378e-01
-1.430842405560940556e+00,2.219906794848939491e+00
-9.868606734217870713e-01,3.471964803712972447e+00
-3.392470439397282433e+00,8.963708857883361247e-01
-3.301887911342114013e+00,1.289134649747130545e+00
-9.905889714198978790e-01,3.064720949711166931e+00
-3.845296427358449343e+00,8.236701690914616236e-01
-2.047850220630162976e+00,1.194727010198425532e+00
-2.285198386060920406e+00,1.391304194468011346e+00
-2.564758253399086474e+00,1.798521038079531564e+00
-6.530083880117635076e+00,-2.798869303542763198e+00
-6.586475533924126324e+00,-2.011745284670667822e+00
-3.208598646384214881e+00,1.132520304484291529e+00
-2.155447801379468120e-01,3.916636773710343356e+00
-1.616706047196065255e+00,3.044023730414590290e+00
-6.186200253642372360e+00,-1.448761935112247379e+00
-4.052095744030343560e+00,-3.357313675909328055e-01
-4.139812591617795690e+00,2.540645946030277713e-01
-7.031593825582726609e+00,-3.561907646171584396e+00
-3.449395531359358724e+00,2.653672362538292973e-01
-1.430709108531725837e+00,2.558425586161344079e+00
7.231232293828984137e-01,3.489528238631860901e+00
-5.241540500938650204e+00,-1.222007081150694674e+00
-5.836134581591450043e+00,-6.259327932456315580e-01
-5.459519574544495768e+00,-1.210497390470681722e+00
-5.169023047737457688e+00,-1.394817826095287039e+00
-6.156934351082523627e+00,-1.698933683814112250e+00
-4.108613241055437904e+00,-1.476978572022060732e-01
-9.692158699576006731e-01,2.522252775823337068e+00
-1.277259196761560522e+00,2.743295817343694765e+00
-1.319375440823650880e+00,3.116763349438246955e+00
-7.904378567200654793e+00,-2.703630931256344461e+00
-7.175401057651781045e+00,-2.746640335731501459e+00
-5.915322994978843951e+00,-7.890007500907687543e-01
-5.253949649085128293e+00,-9.514288961875321249e-01
-4.197839680885213198e+00,-1.347905073041175683e-01
-4.213597845304739131e+00,-2.224358808415765054e-01
-7.277146276302254968e+00,-2.977236626085741023e+00
-1.771945200424269729e+00,2.244000992218797563e+00
-1.343439247476553078e+00,2.590908181722170411e+00
-4.978800051060781051e+00,-1.261637811666457942e+00
-2.960050126425291861e+00,8.347300200512366430e-01
-2.544310926468602130e+00,1.740712813569144757e+00
-7.698025781619069363e+00,-3.560497916934394880e+00
-2.581326692874128081e+00,1.568528933208519938e+00
-5.288275630038273611e+00,-1.321989120484474256e+00
-5.763665376105454818e+00,-2.361322813618902394e+00
-6.434362326356769302e+00,-2.896838842514566359e+00
-5.850400539660050470e+00,-1.611410693161885455e+00
-7.018410332188788736e+00,-2.763691938729824216e+00
-3.292697786199861198e+00,1.824525302910720015e-01
-6.181915587277066138e+00,-9.209576133545480658e-01
-1.439622544753721867e+00,1.643536853570670253e+00
-5.384056522308702242e+00,-1.918455396506113075e+00
1.013396660267886773e-01,3.595662079134676503e+00
1.905643084327423020e-01,3.784707468166012667e+00
-6.601346673440593449e-01,2.660812539581184133e+00
-5.696424826554441267e+00,-1.763543044490188727e+00
-7.526270410173254710e+00,-3.807126814085379785e+00
-4.250514018834141261e+00,-2.579173440207549461e-01
-7.013028748098074416e+00,-3.220839047847939618e+00
-2.407835923304862291e+00,2.359535941118663160e+00
-1.120556210718338219e+00,3.514864269336086089e+00
-2.976180894136714272e+00,1.421976794685833489e+00
-6.321701965018952762e+00,-2.247755124293817630e+00
-3.434300075195203306e+00,-5.584726930530603539e-02
-2.550907609195130377e+00,7.630426328285047077e-01
-4.848599987617555840e+00,-9.705775986707605441e-01
-1.100190285816202707e+00,3.001230021340107967e+00
-2.542623723255533541e+00,2.322401025195303781e+00
-6.897920498500138109e+00,-3.460714509428397534e+00
-7.772123174739940410e+00,-2.656743231056017507e+00
-3.875001101446938989e+00,1.503926390032788163e-01
-4.533928046229920739e+00,-6.848300252246906084e-01
-1.272936708550583607e+00,2.553277896444227757e+00
-2.665482456975761139e+00,2.530103617175794462e+00
-8.316106125120753534e-01,2.562163131408257577e+00
-2.769849464678554973e+00,1.132284719663672945e+00
-4.581943600369905445e-01,3.006298507437708878e+00
-2.421268818330454931e+00,1.058214989026998509e+00
-3.094441095180918477e+00,6.606524712032335600e-01
2.903840864478424155e-02,3.945831322488238868e+00
-7.430743432427319162e-01,3.495230484904676693e+00
-5.466414481845314199e+00,-1.834533867367066584e+00
-4.044934926852645773e+00,-4.109400381268502045e-01
-6.578633239757516904e+00,-3.016089445775213207e+00
-7.451003158435492324e+00,-3.683044045042553449e+00
-1.579680348768956577e+00,3.603913931694571637e+00
-2.936457326501940912e+00,3.961870451674229798e-01
-4.283965361374703740e+00,-3.345243974052323210e-01
-1.388151146316247697e+00,2.470052642345144989e+00
-1.350033844097737301e+00,3.098803230430377198e+00
-4.075357714268238674e+00,4.182229714490617312e-01
2.076173073729590257e-01,3.371202248050010120e+00
-3.520666440709525169e+00,2.942757627192804648e-01
-7.399275369685591741e+00,-2.812280594759911878e+00
-3.551587004917790669e+00,5.131637262799122468e-01
-6.744070045354749077e+00,-2.322824395897000294e+00
-3.829262561512991603e+00,-4.544399618037209265e-01
-4.790029787579445752e+00,-6.586630476614541152e-02
-3.915391807658313628e+00,2.233760832673148400e-01
-3.393032462875199329e+00,-7.653565452599231378e-02
-7.208687802635827424e+00,-3.251100311931177878e+00
-8.455201875319836802e+00,-3.710743609648815777e+00
-4.338012638797216880e+00,1.299410112573138321e-01
-3.602576229545338293e+00,-4.343441834261687617e-01
-7.139769847455215590e+00,-3.054241778456605161e+00
-5.090468585460550699e+00,-1.394305471896379878e+00
-3.435809465687898800e+00,7.077021120097164442e-01
-5.178770041591326034e+00,-1.158103127201770555e+00
-4.430214262606724240e+00,3.791859568317077489e-01
-6.465950686991731589e-01,2.406432860283625352e+00
-7.609381065510691045e+00,-2.750864981933904829e+00
-2.373153552237581732e+00,1.325008461795395220e+00
-9.024550983492088951e-01,2.380720389038112117e+00
-4.672442999259294183e+00,2.122550437652881428e-01
-6.611745748094319808e+00,-2.670352860540926798e+00
-3.736175817788022435e+00,1.382761242381666200e+00
-5.894247597856201004e+00,-1.516099493859793590e+00
-5.221305543704359842e+00,-1.422506219051075327e+00
-9.093960414602926257e-01,2.769498221772611402e+00
-2.925383103790085482e+00,8.034242732338521265e-01
-4.841996739843168918e+00,-1.142319543152006567e+00
-4.690371703074333709e+00,-1.207866533892505423e+00
-2.295884512558491686e+00,1.919805958101805210e+00
-7.718129144153492938e+00,-3.955599896523522396e+00
-1.388473950567815862e+00,1.934572286030034505e+00
-5.482944155494702265e-01,3.646068357556750961e+00
-1.155546879053094500e+00,2.393478128498546020e+00
-5.895955363434333130e+00,-2.526469140257205481e+00
-1.809584157242566604e+00,2.300555050824020675e+00
-5.350567487137735334e+00,-5.658529377160874674e-01
3.760385353352613258e-02,3.515421031996982748e+00
-5.290963456556273314e+00,-1.934271257235158359e+00
-1.431403843423246780e+00,2.315996886838944668e+00
-3.237436277741919000e+00,-2.204142336990217999e-01
-3.058491236451966966e+00,1.049168084164619152e+00
-6.162166227559056075e-01,3.097765003390893668e+00
-6.515729989332262884e-01,3.282609244629588474e+00
-3.250513580354191578e+00,1.780710120023991649e+00
-4.399868058198278753e+00,-4.923071076125449252e-01
-4.620460354569246419e+00,-7.950718853453642154e-01
-5.005211492774827242e+00,-3.250148575454527844e-01
-3.521296818541088669e-01,3.372479474109942643e+00
-3.897926176447351621e-01,3.569011236707743784e+00
-3.360684015476860242e+00,2.859825352845204449e-01
-5.726498759175213671e-01,3.462863111605066102e+00
-1.511008840963669053e+00,2.829270954178092268e+00
-1.973174773539351445e+00,1.739824753995846685e+00
-4.755711648406739656e+00,-1.088082482942650309e+00
-5.624912918273768270e+00,-2.314010182398552828e+00
-6.721143981470326878e+00,-2.608154847640536289e+00
-5.415925567706090682e+00,-1.976415750927505321e+00
-4.145077040636185650e+00,-6.960821129161631760e-01
-5.006887923512512550e+00,-6.147476600065129304e-01
-6.391314985458366849e+00,-3.160444534516433812e+00
-7.288462400811525299e+00,-3.242504608780375719e+00
-5.777119243364829515e+00,-2.016835697546287776e+00
-2.919645823971352083e+00,1.194563112517988301e+00
-2.750317178023555797e+00,2.869895500245061015e-01
-3.393321893327652994e+00,8.331772027708899131e-01
-8.747707930202650584e-01,3.162214027412810324e+00
-3.553968271120287348e+00,3.455497093750663495e-01
-7.524915350916902668e+00,-3.113575364264208112e+00
-3.082976847035229895e+00,4.840660071785256591e-01
2.539034052568039934e-01,3.998651222728050847e+00
-2.445776450234964372e+00,2.030100867942215004e+00
-1.208296887603254044e+00,3.205918493112911882e+00
-2.337190492985926404e+00,1.893086866886559250e+00
-3.583253411365952878e+00,-1.364214973062960468e-02
-3.198535692220642268e+00,1.616897158510063548e+00
-4.041422149840537159e+00,1.752043354438024281e-01
-6.921491939284532435e+00,-2.780729073851740729e+00
-8.022639612549559374e+00,-3.797943958847550761e+00
-1.397532962237340914e+00,2.078136643444407738e+00
-6.820289334331608444e+00,-2.306823378762539178e+00
-7.238609339432244383e+00,-3.213186972642145811e+00
-3.089368460595190324e+00,9.975430374530613875e-02
-1.115191756884661434e+00,2.526818743788338928e+00
-4.392614945995379827e+00,-6.005045338413079747e-01
-4.654929827138108989e-01,3.669685982190986628e+00
-3.973397146189428408e+00,5.790612167890163420e-02
-5.780377283000928124e+00,-2.052556769614032106e+00
-6.762104500369037652e+00,-1.753478527177749768e+00
-4.583822204111476672e+00,-2.341516153134746148e-01
-1.546793213955088175e+00,2.982470819287428299e+00
7.784191978240051490e-02,3.533170164188925710e+00
-2.875032832817405293e+00,1.839819343999158363e-01
-5.797649272208460047e+00,-1.218141384964175344e+00
-1.535765702921633835e+00,2.438311375262244951e+00
-6.608625587560470471e+00,-2.301625416594641926e+00
-7.239976195235815482e+00,-2.616713939182764292e+00
-1.740801650986431248e+00,2.235865394987345489e+00
-6.496869010025252855e+00,-3.268325917743401199e+00
-8.552459167112155924e+00,-3.221648353045552859e+00
-6.783379191319359514e+00,-2.808604030154392639e+00
-6.398715633349904230e+00,-2.296825863154425384e+00
-3.625704630798479933e+00,4.645821051186809214e-01
-6.175269870519642268e+00,-2.023482399418544908e+00
-3.169171377925519284e+00,1.026178233429127395e+00
-3.089199015091874223e+00,1.539996281253893429e+00
-7.714507544639079839e+00,-3.466402780156216501e+00
-4.959860904855333708e+00,-9.550797979147365169e-01
-1.732041690026268732e+00,1.462990649299208634e+00
-6.977332312526857372e+00,-2.322575710233889978e+00
-3.126850912974917573e+00,1.072170104848110483e+00
-7.600746503829070910e+00,-3.705261957847569398e+00
-2.845939219090952932e+00,1.462133681294513821e+00
-5.975819799284002087e+00,-1.968560201171219326e+00
-6.816587069809827426e+00,-2.742461000373999980e+00
-7.567200495533332294e+00,-3.595238798865195484e+00
-4.107280279100135267e+00,-9.931093690101331362e-01
2.047979686609738836e-01,3.619855589834974907e+00
-4.771953071818041181e+00,-5.280390913916273021e-01
-6.893076197936979455e+00,-3.705487722237897685e+00
-5.917845103819346697e+00,-2.207105038159366650e+00
-3.003935593217662792e+00,8.840354122962068573e-01
-6.443982852422512231e+00,-2.657068577814574617e+00
-3.691052758717756177e+00,-5.840780974394466085e-02
-1.655817844384916138e-01,3.666489022713845358e+00
-2.832798357604336736e+00,9.239701278182170796e-01
-4.078418436715250728e+00,-9.818363603990603039e-01
-5.812059854947709603e+00,-9.371890786651810856e-01
-5.320203598959557745e+00,-1.387159207664834248e+00
-5.046897816362265310e+00,-1.688731311222427145e+00
-7.735610361835353999e+00,-3.041373931938421649e+00
-4.440340672268987987e+00,-4.748344155043895398e-01
-2.930467146186467975e+00,7.257383526348029079e-01
-6.211852441789178059e+00,-2.411199240836825908e+00
-7.508305667135860340e+00,-3.530889177328458750e+00
-5.287390320346677441e+00,-4.622911141067396201e-01
-5.423552768757043729e+00,-1.625182646476946324e+00
-2.336251795755796001e-01,3.814694758133407859e+00
-2.699877359755141093e+00,4.300277080927310536e-01
-3.074821037205892615e+00,8.389247510039128386e-01
-7.865100070741708471e+00,-3.824447273343055897e+00
-5.123838052313120173e+00,-1.107086603673537617e+00
-4.029332008555105205e+00,1.320793087535143684e-01
-5.370378698114075533e-01,2.039282045780957731e+00
-1.128334436454039302e+00,2.626074272536489396e+00
2.568839832018160463e-01,3.416487475933538853e+00
-1.689206811307575995e+00,2.464979013464817292e+00
-3.421138653782879402e+00,1.201241246219773906e+00
-5.328377230517979513e+00,-1.365227671912082386e+00
-5.942862617834822281e+00,-2.612403556378359859e+00
-8.166715691341474681e+00,-3.947443823571210153e+00
-3.085681959588723711e+00,1.434011281000644011e+00
-1.423612523064754942e+00,2.140055998730741038e+00
-6.519993125265252765e+00,-2.267409165023588358e+00
-1.331149080510040550e+00,3.175168469124279191e+00
-6.696543843827069686e+00,-1.608424714790377408e+00
-3.278396843215397816e+00,1.240811904216494455e-01
-6.099390317488346369e+00,-1.944216792960290263e+00
-2.387289741510520980e+00,1.482231135886197038e+00
-4.680052324794097274e+00,-7.869966520180105007e-01
-2.616256317342501969e+00,1.848775355892325223e+00
-5.004111941618222481e+00,-1.391040905847931164e+00
-4.821233830236586471e+00,-5.260297466498675689e-01
-5.773699229074439110e+00,-1.383002938161197015e+00
-2.063109252684307116e+00,1.459174650984377486e+00
-2.886167677199353299e-01,3.924525805650464605e+00
-5.863258694431057627e+00,-2.091700632712912622e+00
-2.344113437790373844e-02,3.420311105124905104e+00
-1.820452646504711502e+00,2.240980163652247725e+00
-6.346352052719943515e+00,-3.612779327996594958e+00
-1.785549871758902230e+00,2.561336262739012604e+00
-4.583139918003172220e+00,-3.022124188742019157e-01
-7.069756898798009725e-01,2.824442661006252742e+00
-3.857142468258762946e+00,7.368161215262345465e-01
-5.436129513753008347e+00,-1.259929696246092412e+00
-4.674388884285024304e+00,-7.429865293739794652e-01
-2.987313891111463615e+00,5.658656893764142382e-01
-1.317925377195479753e+00,1.470751843612577048e+00
-6.604270345557560873e+00,-3.457200306144064150e+00
-4.986177706727596970e+00,-1.444694790892004477e+00
-2.961393651068849664e+00,9.389788548762352249e-01
-1.757052636144608604e+00,2.335172853737039311e+00
-1.139855399883077380e-02,3.830295162848677215e+00
-3.616175635892462825e+00,2.474653563293927050e-02
-3.142353732558769597e+00,1.269868259517346942e+00
-6.138597124958862672e+00,-1.492100213895924732e+00
-7.146340611615308092e+00,-3.455723988745031505e+00
-2.093073287928804982e-01,3.380227119054286966e+00
-1.346729788878122225e+00,2.904937223034799842e+00
-6.730222831404618411e+00,-3.008048253857160681e+00
-1.048746746017714671e+00,2.161870412068505942e+00
-1.394447629831919722e+00,2.795455095993511385e+00
-4.218424563051580201e+00,-9.883157111581777343e-01
-2.185172428825635116e+00,1.250059970946529653e+00
-2.451298938437695529e+00,1.745717427494414054e+00
-3.368162267203728133e-01,3.577650142326348259e+00
-6.445013168678263682e+00,-3.296000443066962049e+00
-5.431294488428719980e+00,-9.670895860201280669e-01
-6.522923713413378621e+00,-2.345477648752661182e+00
-6.890384970118516250e+00,-3.579417052954185330e+00
-2.003730527703753594e+00,2.605680250741369441e+00
-4.033411853284023074e+00,-8.307824970630139916e-02
-1.673644853879830530e+00,1.962647099116460403e+00
-3.319128487634472879e+00,8.412003435826065356e-01
-1.972667793037758077e+00,2.460220255100758813e+00
-2.672005730759074993e+00,1.911132366091481849e+00
-1.782569204791178086e+00,2.274358127982242017e+00
-1.049481757310054553e+00,2.961605806977533284e+00
-1.302502981668057336e+00,2.391536250271364850e+00
-5.790896691138882613e-01,3.697628716740338994e+00
-1.763717233718439914e+00,1.970197073513858754e+00
-1.137564774186473393e+00,2.801902049049733279e+00
-5.438123587049319418e+00,-1.340980712863312441e+00
-1.788218368690280613e+00,3.192253858937558419e+00
-5.723201169656317866e+00,-1.462848535108364878e+00
-1.270560528946971468e+00,2.318497288441061066e+00
-7.310164703483581938e+00,-3.128141601772619573e+00
-3.893201747494414722e+00,-1.551781105001621697e-01
-2.164328053075129377e-01,3.615502542409173792e+00
-8.632092733147959107e-01,3.064643022869396383e+00
-6.032346285519167850e+00,-1.380921216872512680e+00
-6.281647765136330719e+00,-2.440374777358923275e+00
-1.893683954662221502e+00,2.252084375178848852e+00
-7.476255962613563177e+00,-2.537797585727149752e+00
8.776224330544768470e-02,3.516716747627250506e+00
-3.595106510985988990e+00,2.868424757092480348e-02
-2.229375643797638418e+00,2.239126590783185655e+00
-5.453535089421110094e+00,-1.903495322645245125e+00
-1.337501200164846749e+00,2.356019188591908176e+00
-6.097810503207356625e+00,-1.730468852563478599e+00
-5.485374405371134188e+00,-2.354840854350469748e+00
-5.239013065003692127e+00,-1.839058102341874168e+00
-2.166900883279518020e+00,2.204954665482466325e+00
-2.597219589356815739e+00,1.750458546285660333e+00
-4.360787836353727798e+00,-1.602576407467273256e-01
-1.572059397545349624e+00,2.869906322077247829e+00
-1.000949414690414985e+00,2.603281969292516429e+00
-2.244459567139695633e+00,2.353533228911095954e+00
-2.793780133705201951e+00,2.016373164176779476e+00
-2.926821497802437833e+00,6.328236793472559185e-01
-4.312431048705756886e+00,-6.362540713561504191e-02
-4.297090545772181969e+00,-1.374566178092013757e-01
-1.912429446137282163e+00,1.823655428554582514e+00
-1.917386007979730245e+00,1.847092835105778263e+00
-5.519863828113664717e+00,-1.576939890720739257e+00
-2.152723174337863199e+00,7.198367758845805042e-01
-7.664832520154398754e-01,3.343208348689715947e+00
-6.276866780741817031e+00,-2.140868055411560889e+00
-6.609973463300185870e+00,-2.105568936064057262e+00
-2.443471894798392441e+00,9.333657900768441706e-01
-2.792920163460629990e+00,1.448008165662185931e+00
-5.341716981145376408e+00,-1.412957743702852653e+00
-1.255695612626531510e+00,2.654981335926498431e+00
-3.203482062707972311e+00,6.359807240822235030e-01
-4.708315193462895287e+00,-1.207140375943924759e+00
-6.646406253104268025e+00,-2.756458976422088369e+00
-3.713494631806404378e+00,1.219333214537385857e-01
-5.647931523857531388e+00,-1.080282034701003369e+00
-4.905889759664398220e+00,-2.995723747027501105e-01
-1.446626355730268543e+00,3.074433075605685239e+00
-3.308434763205126750e+00,1.321943866123808320e+00
-1.933538783502600333e+00,4.344024965420532070e-01
-2.183954275959751001e+00,2.197364562026606905e+00
-7.106280331099350533e+00,-3.077813464079656391e+00
-5.997601956395213207e-01,2.980404662142360550e+00
-4.639616532661991477e-01,3.644960045889708233e+00
-6.338722876887987745e+00,-2.203039698755334008e+00
-3.753735326968520525e+00,1.507302355378952186e-01
-3.254759492796292619e+00,5.418071281313912024e-01
2.662829531631863422e-01,3.989290156945430432e+00
-1.669655962518804770e+00,2.871096231314111513e+00
-3.536243481200793126e-01,3.380917304964549785e+00
-5.536713429710379941e+00,-1.946914060366910171e+00
-6.682671835719218301e+00,-1.830400580052764958e+00
-2.479891368810224872e+00,1.379690701614800119e+00
-7.919361241113882066e+00,-3.837762780835907606e+00
-2.521776875183028732e+00,1.384782286659192785e+00
-3.481420092423737955e+00,9.195100653782555256e-01
-5.146962010224907402e+00,-1.511253810148842192e+00
-4.057352895243226065e+00,3.220172693122362872e-01
-4.646476269371640377e+00,-1.416515160540132712e-01
-6.539864044718816771e+00,-2.688227470037430678e+00
3.257256641611787629e-01,3.265105769942498348e+00
-6.407895264536220381e+00,-1.936920722241356252e+00
-2.553388750150642039e+00,1.280616238750380553e+00
-2.728513562101817946e+00,5.971488178592734286e-01
-3.691980556734438146e+00,-7.812178851740725349e-02
1.681866282962167780e-01,2.835215593313570537e+00
-3.211481992246722150e+00,1.032457585391818533e+00
-2.253554422644930444e+00,1.830864247996761840e+00
-4.760051339163131168e+00,-3.476699498222224349e-01
-3.782967461471736570e+00,-2.407364465358936556e-01
2.769160577239450083e-01,3.658920725369021909e+00
-1.235201468513380529e+00,3.607325943581438210e+00
-1.838277217747485981e+00,2.509698087671029754e+00
-6.885025955917650542e+00,-3.070034529510913046e+00
-4.798647182117061760e+00,-6.107197687969696531e-01
-1.368113585161492063e+00,3.657711345987486595e+00
-7.836449702374513215e+00,-3.730132455462801921e+00
-7.758270887821615780e+00,-3.782635935412272055e+00
-5.718660777379483973e-01,3.484102137574883074e+00
-6.240559663563940873e+00,-2.732322263570710952e+00
3.542299868368478655e-02,3.970980648367254062e+00
-2.610200059034961217e+00,1.341745062729484239e+00
-2.030168169059917371e+00,2.015243144589646818e+00
-5.501687786135945224e+00,-1.251992878016254807e+00
-6.925376189153350737e+00,-2.952089088097728187e+00
-6.273692996396191823e+00,-2.223266041969409912e+00
-2.096024851859752403e+00,2.238925866047583035e+00
-8.226547390443930130e-01,2.863787514106461707e+00
-6.324740980761408338e+00,-1.194423593454922994e+00
-3.049771211632551271e+00,1.554500965968677484e+00
-6.212565355753491225e+00,-1.329251705045279230e+00
-9.515343431091478621e-01,3.286967442057794564e+00
-5.980226393666634443e+00,-2.917350268113137801e+00
-4.991605390201957704e+00,-6.061839864236233666e-01
-5.648087082275167425e+00,-1.366771384774576603e+00
-6.375598763773871802e+00,-1.987636117289835802e+00
-7.456276344550608393e+00,-3.547941062016414016e+00
-8.207630061147408895e+00,-3.744150608433843175e+00
-6.924086365739825055e+00,-2.688160796970643140e+00
-4.681066971442589875e+00,-1.389301243103936656e+00
-3.445084486804037560e+00,1.213438346291235703e-01
-2.768427448150577952e+00,1.257556208100447215e+00
-4.123228395251763878e+00,-2.522990216511971084e-01
-4.046365945134527742e+00,-4.443139217267502161e-01
-3.173831992894541543e+00,6.072701195388940931e-02
-4.750973925628423800e+00,7.244675587936022509e-02
-3.639159228634964105e+00,-2.086789662024512992e-01
-2.330569329040921289e-02,3.769010385776108585e+00
-6.715857008156371322e+00,-3.397268888694055633e+00
-6.308307288126988155e+00,-2.130193326789206587e+00
-5.340414192254844927e+00,-7.536277916148810263e-01
-2.055667143753670434e+00,1.822783694556223466e+00
-2.611037830782152014e+00,1.781110843784355247e+00
-1.972608943650440372e+00,1.867190820841869936e+00
-5.811077601501564160e+00,-2.154762188180368909e+00
-3.405745240901251414e+00,1.335391898371995012e+00
-1.562800757212922553e+00,2.385628412183734781e+00
-4.552453645377023683e+00,-4.172570969644180394e-01
-3.308101732042074250e+00,1.418533888893213302e+00
-3.304430587046707668e+00,8.213544264708669829e-01
-6.379272847477737152e+00,-2.350374394177059401e+00
-5.265046303553327256e+00,-1.715177749716763955e+00
-6.708052183431554294e-01,3.462575209541631338e+00
-1.423381481158222606e+00,2.491451272260778005e+00
